{"cameraMode":{"drawMode":0,"name":"Shaded","section":"Shading Mode"},"sceneLighting":true,"audioPlay":false,"sceneViewState":{"m_AlwaysRefresh":false,"showFog":true,"showSkybox":true,"showFlares":true,"showImageEffects":true,"showParticleSystems":true,"showVisualEffectGraphs":true,"m_FxEnabled":true},"in2DMode":false,"pivot":{"x":-8.551851272583008,"y":-1.8809247016906739,"z":-2.6876161098480226},"rotation":{"x":0.02904028818011284,"y":0.27621176838874819,"z":-0.007586902938783169,"w":0.9606103897094727},"size":0.3538358211517334,"orthographic":false}