{"cameraMode":{"drawMode":0,"name":"Shaded","section":"Shading Mode"},"sceneLighting":true,"audioPlay":false,"sceneViewState":{"m_AlwaysRefresh":false,"showFog":true,"showSkybox":true,"showFlares":true,"showImageEffects":true,"showParticleSystems":true,"showVisualEffectGraphs":true,"m_FxEnabled":true},"in2DMode":false,"pivot":{"x":-4.8152289390563969,"y":-1.1746755838394166,"z":-3.1437153816223146},"rotation":{"x":-0.00299888476729393,"y":-0.01403872948139906,"z":0.0006914387340657413,"w":0.9998796582221985},"size":0.30818530917167666,"orthographic":false}